{
  "cols": 2,
  "data": {
    "0": [
      0.9499679536060872,
      0.46197031122894494
    ],
    "1": [
      0.12265975443339673,
      0.5855857051998444
    ],
    "2": [
      0.6479109905395123,
      0.5610800056582224
    ],
    "3": [
      0.4393716102565002,
      0.4803062807251868
    ],
    "4": [
      0.6401591857563869,
      0.14266079340280896
    ],
    "5": [
      0.2084733995452162,
      0.09545897411762282
    ],
    "6": [
      0.36007336943953955,
      0.3190506731924285
    ],
    "7": [
      0.3296438371471573,
      0.8857772063033827
    ]
  }
}
