{
  "cols": 2,
  "data": {
    "0": [
      0.7195311416285199,
      0.4340488215488216
    ],
    "1": [
      0.23920987750567635,
      0.5033509422061027
    ],
    "2": [
      0.3164154070002424,
      0.1706793655984303
    ],
    "3": [
      0.4841098464053482,
      0.791580298094956
    ]
  }
}
