{
  "cols": 2,
  "data": {
    "0": [
      0.5393813034344567,
      0.5047432430063155
    ],
    "1": [
      0.5374856766616378,
      0.49377892609993246
    ],
    "2": [
      0.5498506473424404,
      0.5212597113865367
    ],
    "3": [
      0.5282139552807522,
      0.4966780743304638
    ],
    "4": [
      0.5507521446953333,
      0.4959417252026989
    ],
    "5": [
      0.5402482572651066,
      0.503530883137658
    ],
    "6": [
      0.5438047569215962,
      0.49679737195235313
    ],
    "7": [
      0.5377848355588646,
      0.5106842757661145
    ]
  }
}
