{
  "cols": 2,
  "data": {
    "0": [
      0.46612194903919807,
      0.8693058815326115
    ],
    "1": [
      0.7152200656917791,
      0.208893483600695
    ],
    "2": [
      0.5983291617706098,
      0.46909211176949855
    ],
    "3": [
      0.4631849329363023,
      0.17941564334603693
    ],
    "4": [
      0.4167348511943006,
      0.6673861433652697
    ],
    "5": [
      0.904486452339812,
      0.7801272233531172
    ],
    "6": [
      0.8683956332322071,
      0.4213368605405789
    ],
    "7": [
      0.15259558460257852,
      0.29735301309273376
    ]
  }
}
